СЗ 2м/с,Nov
З 1м/с,
С 2м/с,
Ю 3м/с,
Ю 3м/с,
СЗ 4м/с,
Ю 2м/с,
Ю 5м/с,
З 1м/с,
СЗ 2м/с,
ЮВ 1м/с,
Ю 1м/с,
СЗ 2м/с,
С 4м/с,
ЮВ 1м/с,
Ю 1м/с,
Ю 1м/с,
Ю 2м/с,
ЮВ 1м/с,
Ю 3м/с,
Ю 4м/с,
Ю 2м/с,
ЮЗ 3м/с,
Ю 3м/с,
Ю 4м/с,
Ю 4м/с,
Ю 5м/с,
Ю 3м/с,
Ю 4м/с,
ЮЗ 3м/с,
Ю 4м/с,
ЮЗ 1м/с,Dec
ЮВ 2м/с,
С 3м/с,
З 2м/с,
Ю 1м/с,
Ю 6м/с,
З 1м/с,
Ю 1м/с,
Ю 4м/с,
Ю 4м/с,
З 4м/с,
ЮВ 2м/с,
С 2м/с,
Ю 1м/с,
Ю 3м/с,
Ю 2м/с,
Ю 4м/с,
Ю 5м/с,
Ю 2м/с,
С 4м/с,
Ю 4м/с,
С 3м/с,
Ю 4м/с,
Ю 5м/с,
Ю 3м/с,
Ю 2м/с,
Ю 3м/с,
Ю 4м/с,
Ю 1м/с,
ЮЗ 3м/с,
Ю 4м/с,
ЮЗ 4м/с,Jan
Ю 3м/с,
Ю 3м/с,
ЮВ 1м/с,
Ю 4м/с,
Ю 4м/с,
С 1м/с,
СЗ 3м/с,
С 2м/с,
Ш 0м/с,
ЮЗ 3м/с,
Ю 2м/с,
ЮВ 1м/с,
Ю 1м/с,
Ю 1м/с,
Ю 1м/с,
ЮВ 1м/с,
Ю 1м/с,
Ю 1м/с,
Ю 4м/с,
ЮЗ 7м/с,
ЮЗ 3м/с,
З 4м/с,
Ю 3м/с,
С 2м/с,
В 1м/с,
Ю 2м/с,
ЮЗ 1м/с,
С 2м/с,
С 2м/с,
Ш 0м/с,
ЮЗ 1м/с,Feb
Ю 1м/с,
С 4м/с,
З 2м/с,
Ю 2м/с,
СВ 1м/с,
З 1м/с,
СЗ 3м/с,
С 2м/с,
Ю 2м/с,
З 1м/с,
Ю 3м/с,
Ю 4м/с,
Ю 6м/с,
Ю 3м/с,
З 1м/с,
З 1м/с,
Ю 5м/с,
ЮЗ 2м/с,
Ю 4м/с,
Ю 6м/с,
Ю 6м/с,
Ю 6м/с,
Ю 3м/с,
Ю 4м/с,
З 3м/с,
Ю 4м/с,
Ю 4м/с,
ЮЗ 2м/с,Mar
Ю 4м/с,
Ю 6м/с,
Ю 5м/с,
Ю 3м/с,
Ю 6м/с,
Ю 2м/с,
С 3м/с,
Ю 2м/с,
Ю 3м/с,
Ю 3м/с,
Ю 3м/с,
Ю 3м/с,
Ю 2м/с,
ЮЗ 3м/с,
Ю 3м/с,
Ю 3м/с,
Ю 5м/с,
ЮВ 4м/с,
Ю 3м/с,
ЮВ 3м/с,
В 2м/с,
Ю 3м/с,
З 2м/с,
Ю 4м/с,
